{"cameraMode":{"drawMode":0,"name":"Shaded","section":"Shading Mode"},"sceneLighting":true,"audioPlay":false,"sceneViewState":{"showFog":true,"showMaterialUpdate":false,"showSkybox":true,"showFlares":true,"showImageEffects":true,"showParticleSystems":true},"in2DMode":false,"pivot":{"x":4.005244731903076,"y":4.729309558868408,"z":5.324792861938477},"rotation":{"x":0.18349479138851167,"y":0.13456246256828309,"z":-0.025365326553583146,"w":0.9734367728233337},"size":20.083209991455079,"orthographic":false}